{
    "tags": {
        "allowUnknownTags": false
    },
    "source": {
        "include": [
            "./src/"
        ],
        "exclude": [],
        "includePattern": ".+\\.js(doc)?$",
        "excludePattern": "(^|\\/|\\\\)_"
    },
    "templates": {
        "jsdoc2tsd": {
            "interfacePrefix" : ""
        }
    },
    "opts": {
        "encoding"      : "utf8",
        "recurse"       : true,
        "private"       : false,
        "lenient"       : true,
        "destination"   : "./types",
        "template"      : "./node_modules/tsd-jsdoc"
    }
}